{
    "value0": {
        "T_imu_cam": [
            {
                "px": -0.016774788924641534,
                "py": -0.068938940687127,
                "pz": 0.005139123188382424,
                "qx": -0.007239825785317818,
                "qy": 0.007541278561558601,
                "qz": 0.7017845426564943,
                "qw": 0.7123125505904486
            },
            {
                "px": -0.01507436282032619,
                "py": 0.0412627204046637,
                "pz": 0.00316287258752953,
                "qx": -0.0023360576185881625,
                "qy": 0.013000769689092388,
                "qz": 0.7024677108343111,
                "qw": 0.7115930283929829
            }
        ],
        "intrinsics": [
            {
                "camera_type": "ds",
                "intrinsics": {
                    "fx": 349.7560023050409,
                    "fy": 348.72454229977037,
                    "cx": 365.89440762590149,
                    "cy": 249.32995565708704,
                    "xi": -0.2409573942178872,
                    "alpha": 0.566996899163044
                }
            },
            {
                "camera_type": "ds",
                "intrinsics": {
                    "fx": 361.6713883800533,
                    "fy": 360.5856493689301,
                    "cx": 379.40818394080869,
                    "cy": 255.9772968522045,
                    "xi": -0.21300835384809328,
                    "alpha": 0.5767008625037023
                }
            }
        ],
        "resolution": [
            [
                752,
                480
            ],
            [
                752,
                480
            ]
        ],
        "calib_accel_bias": [
            -0.003025405479279035,
            0.1200005286487319,
            0.06708820471592454,
            0.0,
            0.0,
            0.0,
            0.0,
            0.0,
            0.0
        ],
        "calib_gyro_bias": [
            -0.002186848441668376,
            0.020427823167917037,
            0.07668367023977922,
            0.0,
            0.0,
            0.0,
            0.0,
            0.0,
            0.0,
            0.0,
            0.0,
            0.0
        ],
        "imu_update_rate": 200.0,
        "accel_noise_std": [
            0.016,
            0.016,
            0.016
        ],
        "gyro_noise_std": [
            0.000282,
            0.000282,
            0.000282
        ],
        "accel_bias_std": [
            0.001,
            0.001,
            0.001
        ],
        "gyro_bias_std": [
            0.0001,
            0.0001,
            0.0001
        ],
        "cam_time_offset_ns": 0,
        "vignette": []
    }
}