{
    "value0": {
        "T_imu_cam": [
            {
                "px": 0.0,
                "py": 0.0,
                "pz": 0.0,
                "qx": 0.5,
                "qy": -0.5,
                "qz": 0.5,
                "qw": -0.5
            },
            {
                "px": 0.0,
                "py": -0.05,
                "pz": 0.0,
                "qx": 0.5,
                "qy": -0.5,
                "qz": 0.5,
                "qw": -0.5
            }
        ],
        "intrinsics": [
            {
                "camera_type": "kb4",
                "intrinsics": {
                    "fx": 343.4963684082031,
                    "fy": 343.4963684082031,
                    "cx": 320,
                    "cy": 180,
                    "k1": 0.0,
                    "k2": 0.0,
                    "k3": 0.0,
                    "k4": 0.0
                }
            },
            {
                "camera_type": "kb4",
                "intrinsics": {
                    "fx": 343.4963684082031,
                    "fy": 343.4963684082031,
                    "cx": 320,
                    "cy": 180,
                    "k1": 0.0,
                    "k2": 0.0,
                    "k3": 0.0,
                    "k4": 0.0
                }
            }
        ],
        "resolution": [
            [
                640,
                360
            ],
            [
                640,
                360
            ]
        ],
        "calib_accel_bias": [
            -0.06708820471592454,
            0.1200005286487319,
            0.003025405479279035,
            0.0,
            0.0,
            0.0,
            0.0,
            0.0,
            0.0
        ],
        "calib_gyro_bias": [
            0.07668367023977922,
            -0.020427823167917037,
            -0.002186848441668376,
            0.0,
            0.0,
            0.0,
            0.0,
            0.0,
            0.0,
            0.0,
            0.0,
            0.0
        ],
        "imu_update_rate": 200.0,
        "accel_noise_std": [
            0.016,
            0.016,
            0.016
        ],
        "gyro_noise_std": [
            0.000282,
            0.000282,
            0.000282
        ],
        "accel_bias_std": [
            0.001,
            0.001,
            0.001
        ],
        "gyro_bias_std": [
            0.0001,
            0.0001,
            0.0001
        ],
        "cam_time_offset_ns": 0,
        "vignette": []
    }
}