{
    "value0": {
            "T_imu_cam": [
                {
                    "px": -0.0138278,
                    "py": 0.05495759,
                    "pz": -0.00045579,
                    "qx": -0.0015856,
                    "qy": -0.0030131,
                    "qz": -0.7039198,
                    "qw": 0.7102713
                },
                {
                    "px": -0.01346685,
                    "py": -0.01682032,
                    "pz": -0.00002789,
                    "qx": -0.0036583,
                    "qy": -0.0040597,
                    "qz": -0.7040788,
                    "qw": 0.7101008
                }
        ],
        "intrinsics": [
            {
                "camera_type": "kb4",
                "intrinsics": {
                    "fx": 399.9847717285156,
                    "fy": 400.057373046875,
                    "cx": 309.4432373046875,
                    "cy": 201.7182159423828,
                    "k1": 0.0,
                    "k2": 0.0,
                    "k3": 0.0,
                    "k4": 0.0
                }
            },
            {
                "camera_type": "kb4",
                "intrinsics": {
                    "fx": 397.3124084472656,
                    "fy": 397.37384033203125,
                    "cx": 330.6202392578125,
                    "cy": 206.13140869140625,
                    "k1": 0.0,
                    "k2": 0.0,
                    "k3": 0.0,
                    "k4": 0.0
                }
            }
        ],
        "resolution": [
            [
                640,
                400
            ],
            [
                640,
                400
            ]
        ],
        "calib_accel_bias": [
            -0.003025405479279035,
            0.1200005286487319,
            0.06708820471592454,
            0.0,
            0.0,
            0.0,
            0.0,
            0.0,
            0.0
        ],
        "calib_gyro_bias": [
            -0.002186848441668376,
            0.020427823167917037,
            0.07668367023977922,
            0.0,
            0.0,
            0.0,
            0.0,
            0.0,
            0.0,
            0.0,
            0.0,
            0.0
        ],
        "imu_update_rate": 400.0,
        "accel_noise_std": [
            0.016,
            0.016,
            0.016
        ],
        "gyro_noise_std": [
            0.000282,
            0.000282,
            0.000282
        ],
        "accel_bias_std": [
            0.001,
            0.001,
            0.001
        ],
        "gyro_bias_std": [
            0.0001,
            0.0001,
            0.0001
        ],
        "cam_time_offset_ns": 0,
        "vignette": []
    }
}